{"success":true,"code":"SUCCESS","message":"Your request has been successfully completed.","data":{"transactionId":"Check1","amount":100,"merchantId":"UATMERCHANT101","qrString":"upi://pay?pa=Q268568477@ybl&pn=UATMERCHANT101&am=1.00&mam=1.00&tr=Check1&tn=Payment%20for%20ORDER123&mc=5311&mode=04&purpose=00"}}
{"success":true,"code":"SUCCESS","message":"Your request has been successfully completed.","data":{"transactionId":"Check2","amount":100,"merchantId":"UATMERCHANT101","qrString":"upi://pay?pa=Q268568477@ybl&pn=UATMERCHANT101&am=1.00&mam=1.00&tr=Check2&tn=Payment%20for%20ORDER123&mc=5311&mode=04&purpose=00"}}
{"success":true,"code":"SUCCESS","message":"Your request has been successfully completed.","data":{"transactionId":"Check3","amount":100,"merchantId":"UATMERCHANT101","qrString":"upi://pay?pa=Q268568477@ybl&pn=UATMERCHANT101&am=1.00&mam=1.00&tr=Check3&tn=Payment%20for%20ORDER123&mc=5311&mode=04&purpose=00"}}
{"success":true,"code":"SUCCESS","message":"Your request has been successfully completed.","data":{"transactionId":"Check4","amount":100,"merchantId":"UATMERCHANT101","qrString":"upi://pay?pa=Q268568477@ybl&pn=UATMERCHANT101&am=1.00&mam=1.00&tr=Check4&tn=Payment%20for%20ORDER123&mc=5311&mode=04&purpose=00"}}
{"success":true,"code":"SUCCESS","message":"Your request has been successfully completed.","data":{"transactionId":"Check5","amount":100,"merchantId":"UATMERCHANT101","qrString":"upi://pay?pa=Q268568477@ybl&pn=UATMERCHANT101&am=1.00&mam=1.00&tr=Check5&tn=Payment%20for%20ORDER123&mc=5311&mode=04&purpose=00"}}
{"success":true,"code":"SUCCESS","message":"Your request has been successfully completed.","data":{"transactionId":"Check6","amount":100,"merchantId":"UATMERCHANT101","qrString":"upi://pay?pa=Q268568477@ybl&pn=UATMERCHANT101&am=1.00&mam=1.00&tr=Check6&tn=Payment%20for%20ORDER123&mc=5311&mode=04&purpose=00"}}
{"success":true,"code":"SUCCESS","message":"Your request has been successfully completed.","data":{"transactionId":"Check7","amount":100,"merchantId":"UATMERCHANT101","qrString":"upi://pay?pa=Q268568477@ybl&pn=UATMERCHANT101&am=1.00&mam=1.00&tr=Check7&tn=Payment%20for%20ORDER123&mc=5311&mode=04&purpose=00"}}
{"success":true,"code":"SUCCESS","message":"Your request has been successfully completed.","data":{"transactionId":"Check8","amount":100,"merchantId":"UATMERCHANT101","qrString":"upi://pay?pa=Q268568477@ybl&pn=UATMERCHANT101&am=1.00&mam=1.00&tr=Check8&tn=Payment%20for%20ORDER123&mc=5311&mode=04&purpose=00"}}
{"success":true,"code":"SUCCESS","message":"Your request has been successfully completed.","data":{"transactionId":"Check9","amount":100,"merchantId":"UATMERCHANT101","qrString":"upi://pay?pa=Q268568477@ybl&pn=UATMERCHANT101&am=1.00&mam=1.00&tr=Check9&tn=Payment%20for%20ORDER123&mc=5311&mode=04&purpose=00"}}
{"success":true,"code":"SUCCESS","message":"Your request has been successfully completed.","data":{"transactionId":"Check10","amount":100,"merchantId":"UATMERCHANT101","qrString":"upi://pay?pa=Q268568477@ybl&pn=UATMERCHANT101&am=1.00&mam=1.00&tr=Check10&tn=Payment%20for%20ORDER123&mc=5311&mode=04&purpose=00"}}
{"success":true,"code":"SUCCESS","message":"Your request has been successfully completed.","data":{"transactionId":"Check11","amount":100,"merchantId":"UATMERCHANT101","qrString":"upi://pay?pa=Q268568477@ybl&pn=UATMERCHANT101&am=1.00&mam=1.00&tr=Check11&tn=Payment%20for%20ORDER123&mc=5311&mode=04&purpose=00"}}
{"success":true,"code":"SUCCESS","message":"Your request has been successfully completed.","data":{"transactionId":"Check12","amount":100,"merchantId":"UATMERCHANT101","qrString":"upi://pay?pa=Q268568477@ybl&pn=UATMERCHANT101&am=1.00&mam=1.00&tr=Check12&tn=Payment%20for%20ORDER123&mc=5311&mode=04&purpose=00"}}
{"success":true,"code":"SUCCESS","message":"Your request has been successfully completed.","data":{"transactionId":"Check13","amount":100,"merchantId":"UATMERCHANT101","qrString":"upi://pay?pa=Q268568477@ybl&pn=UATMERCHANT101&am=1.00&mam=1.00&tr=Check13&tn=Payment%20for%20ORDER123&mc=5311&mode=04&purpose=00"}}
{"success":true,"code":"SUCCESS","message":"Your request has been successfully completed.","data":{"transactionId":"Check14","amount":100,"merchantId":"UATMERCHANT101","qrString":"upi://pay?pa=Q268568477@ybl&pn=UATMERCHANT101&am=1.00&mam=1.00&tr=Check14&tn=Payment%20for%20ORDER123&mc=5311&mode=04&purpose=00"}}
{"success":true,"code":"SUCCESS","message":"Your request has been successfully completed.","data":{"transactionId":"Check15","amount":100,"merchantId":"UATMERCHANT101","qrString":"upi://pay?pa=Q268568477@ybl&pn=UATMERCHANT101&am=1.00&mam=1.00&tr=Check15&tn=Payment%20for%20ORDER123&mc=5311&mode=04&purpose=00"}}
{"success":true,"code":"SUCCESS","message":"Your request has been successfully completed.","data":{"transactionId":"Check16","amount":100,"merchantId":"UATMERCHANT101","qrString":"upi://pay?pa=Q268568477@ybl&pn=UATMERCHANT101&am=1.00&mam=1.00&tr=Check16&tn=Payment%20for%20ORDER123&mc=5311&mode=04&purpose=00"}}
{"success":true,"code":"SUCCESS","message":"Your request has been successfully completed.","data":{"transactionId":"Check17","amount":100,"merchantId":"UATMERCHANT101","qrString":"upi://pay?pa=Q268568477@ybl&pn=UATMERCHANT101&am=1.00&mam=1.00&tr=Check17&tn=Payment%20for%20ORDER123&mc=5311&mode=04&purpose=00"}}
{"success":true,"code":"SUCCESS","message":"Your request has been successfully completed.","data":{"transactionId":"Check18","amount":100,"merchantId":"UATMERCHANT101","qrString":"upi://pay?pa=Q268568477@ybl&pn=UATMERCHANT101&am=1.00&mam=1.00&tr=Check18&tn=Payment%20for%20ORDER123&mc=5311&mode=04&purpose=00"}}
{"success":true,"code":"SUCCESS","message":"Your request has been successfully completed.","data":{"transactionId":"Check19","amount":100,"merchantId":"UATMERCHANT101","qrString":"upi://pay?pa=Q268568477@ybl&pn=UATMERCHANT101&am=1.00&mam=1.00&tr=Check19&tn=Payment%20for%20ORDER123&mc=5311&mode=04&purpose=00"}}
{"success":true,"code":"SUCCESS","message":"Your request has been successfully completed.","data":{"transactionId":"Check20","amount":100,"merchantId":"UATMERCHANT101","qrString":"upi://pay?pa=Q268568477@ybl&pn=UATMERCHANT101&am=1.00&mam=1.00&tr=Check20&tn=Payment%20for%20ORDER123&mc=5311&mode=04&purpose=00"}}
{"success":true,"code":"SUCCESS","message":"Your request has been successfully completed.","data":{"transactionId":"Check21","amount":100,"merchantId":"UATMERCHANT101","qrString":"upi://pay?pa=Q268568477@ybl&pn=UATMERCHANT101&am=1.00&mam=1.00&tr=Check21&tn=Payment%20for%20ORDER123&mc=5311&mode=04&purpose=00"}}
{"success":true,"code":"SUCCESS","message":"Your request has been successfully completed.","data":{"transactionId":"Check22","amount":100,"merchantId":"UATMERCHANT101","qrString":"upi://pay?pa=Q268568477@ybl&pn=UATMERCHANT101&am=1.00&mam=1.00&tr=Check22&tn=Payment%20for%20ORDER123&mc=5311&mode=04&purpose=00"}}
{"success":true,"code":"SUCCESS","message":"Your request has been successfully completed.","data":{"transactionId":"Check23","amount":100,"merchantId":"UATMERCHANT101","qrString":"upi://pay?pa=Q268568477@ybl&pn=UATMERCHANT101&am=1.00&mam=1.00&tr=Check23&tn=Payment%20for%20ORDER123&mc=5311&mode=04&purpose=00"}}
{"success":true,"code":"SUCCESS","message":"Your request has been successfully completed.","data":{"transactionId":"Check24","amount":100,"merchantId":"UATMERCHANT101","qrString":"upi://pay?pa=Q268568477@ybl&pn=UATMERCHANT101&am=1.00&mam=1.00&tr=Check24&tn=Payment%20for%20ORDER123&mc=5311&mode=04&purpose=00"}}
{"success":true,"code":"SUCCESS","message":"Your request has been successfully completed.","data":{"transactionId":"Check25","amount":100,"merchantId":"UATMERCHANT101","qrString":"upi://pay?pa=Q268568477@ybl&pn=UATMERCHANT101&am=1.00&mam=1.00&tr=Check25&tn=Payment%20for%20ORDER123&mc=5311&mode=04&purpose=00"}}
{"success":true,"code":"SUCCESS","message":"Your request has been successfully completed.","data":{"transactionId":"Check26","amount":100,"merchantId":"UATMERCHANT101","qrString":"upi://pay?pa=Q268568477@ybl&pn=UATMERCHANT101&am=1.00&mam=1.00&tr=Check26&tn=Payment%20for%20ORDER123&mc=5311&mode=04&purpose=00"}}
{"success":true,"code":"SUCCESS","message":"Your request has been successfully completed.","data":{"transactionId":"Check27","amount":100,"merchantId":"UATMERCHANT101","qrString":"upi://pay?pa=Q268568477@ybl&pn=UATMERCHANT101&am=1.00&mam=1.00&tr=Check27&tn=Payment%20for%20ORDER123&mc=5311&mode=04&purpose=00"}}
{"success":true,"code":"SUCCESS","message":"Your request has been successfully completed.","data":{"transactionId":"Check28","amount":100,"merchantId":"UATMERCHANT101","qrString":"upi://pay?pa=Q268568477@ybl&pn=UATMERCHANT101&am=1.00&mam=1.00&tr=Check28&tn=Payment%20for%20ORDER123&mc=5311&mode=04&purpose=00"}}
{"success":true,"code":"SUCCESS","message":"Your request has been successfully completed.","data":{"transactionId":"Check29","amount":100,"merchantId":"UATMERCHANT101","qrString":"upi://pay?pa=Q268568477@ybl&pn=UATMERCHANT101&am=1.00&mam=1.00&tr=Check29&tn=Payment%20for%20ORDER123&mc=5311&mode=04&purpose=00"}}
{"success":true,"code":"SUCCESS","message":"Your request has been successfully completed.","data":{"transactionId":"Check30","amount":100,"merchantId":"UATMERCHANT101","qrString":"upi://pay?pa=Q268568477@ybl&pn=UATMERCHANT101&am=1.00&mam=1.00&tr=Check30&tn=Payment%20for%20ORDER123&mc=5311&mode=04&purpose=00"}}
{"success":true,"code":"SUCCESS","message":"Your request has been successfully completed.","data":{"transactionId":"Check31","amount":100,"merchantId":"UATMERCHANT101","qrString":"upi://pay?pa=Q268568477@ybl&pn=UATMERCHANT101&am=1.00&mam=1.00&tr=Check31&tn=Payment%20for%20ORDER123&mc=5311&mode=04&purpose=00"}}
{"success":true,"code":"SUCCESS","message":"Your request has been successfully completed.","data":{"transactionId":"Check32","amount":100,"merchantId":"UATMERCHANT101","qrString":"upi://pay?pa=Q268568477@ybl&pn=UATMERCHANT101&am=1.00&mam=1.00&tr=Check32&tn=Payment%20for%20ORDER123&mc=5311&mode=04&purpose=00"}}
{"success":true,"code":"SUCCESS","message":"Your request has been successfully completed.","data":{"transactionId":"Check33","amount":100,"merchantId":"UATMERCHANT101","qrString":"upi://pay?pa=Q268568477@ybl&pn=UATMERCHANT101&am=1.00&mam=1.00&tr=Check33&tn=Payment%20for%20ORDER123&mc=5311&mode=04&purpose=00"}}
{"success":true,"code":"SUCCESS","message":"Your request has been successfully completed.","data":{"transactionId":"Check34","amount":100,"merchantId":"UATMERCHANT101","qrString":"upi://pay?pa=Q268568477@ybl&pn=UATMERCHANT101&am=1.00&mam=1.00&tr=Check34&tn=Payment%20for%20ORDER123&mc=5311&mode=04&purpose=00"}}
{"success":true,"code":"SUCCESS","message":"Your request has been successfully completed.","data":{"transactionId":"Check35","amount":100,"merchantId":"UATMERCHANT101","qrString":"upi://pay?pa=Q268568477@ybl&pn=UATMERCHANT101&am=1.00&mam=1.00&tr=Check35&tn=Payment%20for%20ORDER123&mc=5311&mode=04&purpose=00"}}
{"success":true,"code":"SUCCESS","message":"Your request has been successfully completed.","data":{"transactionId":"Check36","amount":100,"merchantId":"UATMERCHANT101","qrString":"upi://pay?pa=Q268568477@ybl&pn=UATMERCHANT101&am=1.00&mam=1.00&tr=Check36&tn=Payment%20for%20ORDER123&mc=5311&mode=04&purpose=00"}}
{"success":true,"code":"SUCCESS","message":"Your request has been successfully completed.","data":{"transactionId":"Check37","amount":100,"merchantId":"UATMERCHANT101","qrString":"upi://pay?pa=Q268568477@ybl&pn=UATMERCHANT101&am=1.00&mam=1.00&tr=Check37&tn=Payment%20for%20ORDER123&mc=5311&mode=04&purpose=00"}}
{"success":true,"code":"SUCCESS","message":"Your request has been successfully completed.","data":{"transactionId":"Check38","amount":100,"merchantId":"UATMERCHANT101","qrString":"upi://pay?pa=Q268568477@ybl&pn=UATMERCHANT101&am=1.00&mam=1.00&tr=Check38&tn=Payment%20for%20ORDER123&mc=5311&mode=04&purpose=00"}}
{"success":true,"code":"SUCCESS","message":"Your request has been successfully completed.","data":{"transactionId":"Check39","amount":100,"merchantId":"UATMERCHANT101","qrString":"upi://pay?pa=Q268568477@ybl&pn=UATMERCHANT101&am=1.00&mam=1.00&tr=Check39&tn=Payment%20for%20ORDER123&mc=5311&mode=04&purpose=00"}}
{"success":true,"code":"SUCCESS","message":"Your request has been successfully completed.","data":{"transactionId":"Check40","amount":100,"merchantId":"UATMERCHANT101","qrString":"upi://pay?pa=Q268568477@ybl&pn=UATMERCHANT101&am=1.00&mam=1.00&tr=Check40&tn=Payment%20for%20ORDER123&mc=5311&mode=04&purpose=00"}}
{"success":true,"code":"SUCCESS","message":"Your request has been successfully completed.","data":{"transactionId":"Check41","amount":100,"merchantId":"UATMERCHANT101","qrString":"upi://pay?pa=Q268568477@ybl&pn=UATMERCHANT101&am=1.00&mam=1.00&tr=Check41&tn=Payment%20for%20ORDER123&mc=5311&mode=04&purpose=00"}}
{"success":true,"code":"SUCCESS","message":"Your request has been successfully completed.","data":{"transactionId":"Check42","amount":100,"merchantId":"UATMERCHANT101","qrString":"upi://pay?pa=Q268568477@ybl&pn=UATMERCHANT101&am=1.00&mam=1.00&tr=Check42&tn=Payment%20for%20ORDER123&mc=5311&mode=04&purpose=00"}}
{"success":true,"code":"SUCCESS","message":"Your request has been successfully completed.","data":{"transactionId":"Check43","amount":100,"merchantId":"UATMERCHANT101","qrString":"upi://pay?pa=Q268568477@ybl&pn=UATMERCHANT101&am=1.00&mam=1.00&tr=Check43&tn=Payment%20for%20ORDER123&mc=5311&mode=04&purpose=00"}}
{"success":true,"code":"SUCCESS","message":"Your request has been successfully completed.","data":{"transactionId":"Check44","amount":100,"merchantId":"UATMERCHANT101","qrString":"upi://pay?pa=Q268568477@ybl&pn=UATMERCHANT101&am=1.00&mam=1.00&tr=Check44&tn=Payment%20for%20ORDER123&mc=5311&mode=04&purpose=00"}}
{"success":true,"code":"SUCCESS","message":"Your request has been successfully completed.","data":{"transactionId":"Check45","amount":100,"merchantId":"UATMERCHANT101","qrString":"upi://pay?pa=Q268568477@ybl&pn=UATMERCHANT101&am=1.00&mam=1.00&tr=Check45&tn=Payment%20for%20ORDER123&mc=5311&mode=04&purpose=00"}}
{"success":true,"code":"SUCCESS","message":"Your request has been successfully completed.","data":{"transactionId":"Check46","amount":100,"merchantId":"UATMERCHANT101","qrString":"upi://pay?pa=Q268568477@ybl&pn=UATMERCHANT101&am=1.00&mam=1.00&tr=Check46&tn=Payment%20for%20ORDER123&mc=5311&mode=04&purpose=00"}}
{"success":true,"code":"SUCCESS","message":"Your request has been successfully completed.","data":{"transactionId":"Check47","amount":100,"merchantId":"UATMERCHANT101","qrString":"upi://pay?pa=Q268568477@ybl&pn=UATMERCHANT101&am=1.00&mam=1.00&tr=Check47&tn=Payment%20for%20ORDER123&mc=5311&mode=04&purpose=00"}}
{"success":true,"code":"SUCCESS","message":"Your request has been successfully completed.","data":{"transactionId":"Check48","amount":100,"merchantId":"UATMERCHANT101","qrString":"upi://pay?pa=Q268568477@ybl&pn=UATMERCHANT101&am=1.00&mam=1.00&tr=Check48&tn=Payment%20for%20ORDER123&mc=5311&mode=04&purpose=00"}}
{"success":true,"code":"SUCCESS","message":"Your request has been successfully completed.","data":{"transactionId":"Check49","amount":100,"merchantId":"UATMERCHANT101","qrString":"upi://pay?pa=Q268568477@ybl&pn=UATMERCHANT101&am=1.00&mam=1.00&tr=Check49&tn=Payment%20for%20ORDER123&mc=5311&mode=04&purpose=00"}}
{"success":true,"code":"SUCCESS","message":"Your request has been successfully completed.","data":{"transactionId":"Check50","amount":100,"merchantId":"UATMERCHANT101","qrString":"upi://pay?pa=Q268568477@ybl&pn=UATMERCHANT101&am=1.00&mam=1.00&tr=Check50&tn=Payment%20for%20ORDER123&mc=5311&mode=04&purpose=00"}}
{"success":true,"code":"SUCCESS","message":"Your request has been successfully completed.","data":{"transactionId":"Check51","amount":100,"merchantId":"UATMERCHANT101","qrString":"upi://pay?pa=Q268568477@ybl&pn=UATMERCHANT101&am=1.00&mam=1.00&tr=Check51&tn=Payment%20for%20ORDER123&mc=5311&mode=04&purpose=00"}}
{"success":true,"code":"SUCCESS","message":"Your request has been successfully completed.","data":{"transactionId":"Check52","amount":100,"merchantId":"UATMERCHANT101","qrString":"upi://pay?pa=Q268568477@ybl&pn=UATMERCHANT101&am=1.00&mam=1.00&tr=Check52&tn=Payment%20for%20ORDER123&mc=5311&mode=04&purpose=00"}}
{"success":true,"code":"SUCCESS","message":"Your request has been successfully completed.","data":{"transactionId":"Check53","amount":100,"merchantId":"UATMERCHANT101","qrString":"upi://pay?pa=Q268568477@ybl&pn=UATMERCHANT101&am=1.00&mam=1.00&tr=Check53&tn=Payment%20for%20ORDER123&mc=5311&mode=04&purpose=00"}}
{"success":true,"code":"SUCCESS","message":"Your request has been successfully completed.","data":{"transactionId":"Check54","amount":100,"merchantId":"UATMERCHANT101","qrString":"upi://pay?pa=Q268568477@ybl&pn=UATMERCHANT101&am=1.00&mam=1.00&tr=Check54&tn=Payment%20for%20ORDER123&mc=5311&mode=04&purpose=00"}}
{"success":true,"code":"SUCCESS","message":"Your request has been successfully completed.","data":{"transactionId":"Check55","amount":100,"merchantId":"UATMERCHANT101","qrString":"upi://pay?pa=Q268568477@ybl&pn=UATMERCHANT101&am=1.00&mam=1.00&tr=Check55&tn=Payment%20for%20ORDER123&mc=5311&mode=04&purpose=00"}}
{"success":true,"code":"SUCCESS","message":"Your request has been successfully completed.","data":{"transactionId":"Check56","amount":100,"merchantId":"UATMERCHANT101","qrString":"upi://pay?pa=Q268568477@ybl&pn=UATMERCHANT101&am=1.00&mam=1.00&tr=Check56&tn=Payment%20for%20ORDER123&mc=5311&mode=04&purpose=00"}}
{"success":true,"code":"SUCCESS","message":"Your request has been successfully completed.","data":{"transactionId":"Check57","amount":100,"merchantId":"UATMERCHANT101","qrString":"upi://pay?pa=Q268568477@ybl&pn=UATMERCHANT101&am=1.00&mam=1.00&tr=Check57&tn=Payment%20for%20ORDER123&mc=5311&mode=04&purpose=00"}}
{"success":true,"code":"SUCCESS","message":"Your request has been successfully completed.","data":{"transactionId":"Check58","amount":100,"merchantId":"UATMERCHANT101","qrString":"upi://pay?pa=Q268568477@ybl&pn=UATMERCHANT101&am=1.00&mam=1.00&tr=Check58&tn=Payment%20for%20ORDER123&mc=5311&mode=04&purpose=00"}}
{"success":true,"code":"SUCCESS","message":"Your request has been successfully completed.","data":{"transactionId":"Check59","amount":100,"merchantId":"UATMERCHANT101","qrString":"upi://pay?pa=Q268568477@ybl&pn=UATMERCHANT101&am=1.00&mam=1.00&tr=Check59&tn=Payment%20for%20ORDER123&mc=5311&mode=04&purpose=00"}}
{"success":true,"code":"SUCCESS","message":"Your request has been successfully completed.","data":{"transactionId":"Check60","amount":100,"merchantId":"UATMERCHANT101","qrString":"upi://pay?pa=Q268568477@ybl&pn=UATMERCHANT101&am=1.00&mam=1.00&tr=Check60&tn=Payment%20for%20ORDER123&mc=5311&mode=04&purpose=00"}}
{"success":true,"code":"SUCCESS","message":"Your request has been successfully completed.","data":{"transactionId":"Check61","amount":100,"merchantId":"UATMERCHANT101","qrString":"upi://pay?pa=Q268568477@ybl&pn=UATMERCHANT101&am=1.00&mam=1.00&tr=Check61&tn=Payment%20for%20ORDER123&mc=5311&mode=04&purpose=00"}}
{"success":true,"code":"SUCCESS","message":"Your request has been successfully completed.","data":{"transactionId":"Check62","amount":100,"merchantId":"UATMERCHANT101","qrString":"upi://pay?pa=Q268568477@ybl&pn=UATMERCHANT101&am=1.00&mam=1.00&tr=Check62&tn=Payment%20for%20ORDER123&mc=5311&mode=04&purpose=00"}}
{"success":true,"code":"SUCCESS","message":"Your request has been successfully completed.","data":{"transactionId":"Check63","amount":100,"merchantId":"UATMERCHANT101","qrString":"upi://pay?pa=Q268568477@ybl&pn=UATMERCHANT101&am=1.00&mam=1.00&tr=Check63&tn=Payment%20for%20ORDER123&mc=5311&mode=04&purpose=00"}}
{"success":true,"code":"SUCCESS","message":"Your request has been successfully completed.","data":{"transactionId":"Check64","amount":100,"merchantId":"UATMERCHANT101","qrString":"upi://pay?pa=Q268568477@ybl&pn=UATMERCHANT101&am=1.00&mam=1.00&tr=Check64&tn=Payment%20for%20ORDER123&mc=5311&mode=04&purpose=00"}}
{"success":true,"code":"SUCCESS","message":"Your request has been successfully completed.","data":{"transactionId":"Check65","amount":100,"merchantId":"UATMERCHANT101","qrString":"upi://pay?pa=Q268568477@ybl&pn=UATMERCHANT101&am=1.00&mam=1.00&tr=Check65&tn=Payment%20for%20ORDER123&mc=5311&mode=04&purpose=00"}}
{"success":true,"code":"SUCCESS","message":"Your request has been successfully completed.","data":{"transactionId":"Check66","amount":100,"merchantId":"UATMERCHANT101","qrString":"upi://pay?pa=Q268568477@ybl&pn=UATMERCHANT101&am=1.00&mam=1.00&tr=Check66&tn=Payment%20for%20ORDER123&mc=5311&mode=04&purpose=00"}}
{"success":true,"code":"SUCCESS","message":"Your request has been successfully completed.","data":{"transactionId":"Check67","amount":100,"merchantId":"UATMERCHANT101","qrString":"upi://pay?pa=Q268568477@ybl&pn=UATMERCHANT101&am=1.00&mam=1.00&tr=Check67&tn=Payment%20for%20ORDER123&mc=5311&mode=04&purpose=00"}}
{"success":true,"code":"SUCCESS","message":"Your request has been successfully completed.","data":{"transactionId":"Check68","amount":100,"merchantId":"UATMERCHANT101","qrString":"upi://pay?pa=Q268568477@ybl&pn=UATMERCHANT101&am=1.00&mam=1.00&tr=Check68&tn=Payment%20for%20ORDER123&mc=5311&mode=04&purpose=00"}}
{"success":true,"code":"SUCCESS","message":"Your request has been successfully completed.","data":{"transactionId":"Check69","amount":100,"merchantId":"UATMERCHANT101","qrString":"upi://pay?pa=Q268568477@ybl&pn=UATMERCHANT101&am=1.00&mam=1.00&tr=Check69&tn=Payment%20for%20ORDER123&mc=5311&mode=04&purpose=00"}}
{"success":true,"code":"SUCCESS","message":"Your request has been successfully completed.","data":{"transactionId":"Check70","amount":100,"merchantId":"UATMERCHANT101","qrString":"upi://pay?pa=Q268568477@ybl&pn=UATMERCHANT101&am=1.00&mam=1.00&tr=Check70&tn=Payment%20for%20ORDER123&mc=5311&mode=04&purpose=00"}}
{"success":true,"code":"SUCCESS","message":"Your request has been successfully completed.","data":{"transactionId":"Check71","amount":100,"merchantId":"UATMERCHANT101","qrString":"upi://pay?pa=Q268568477@ybl&pn=UATMERCHANT101&am=1.00&mam=1.00&tr=Check71&tn=Payment%20for%20ORDER123&mc=5311&mode=04&purpose=00"}}
{"success":true,"code":"SUCCESS","message":"Your request has been successfully completed.","data":{"transactionId":"Check72","amount":100,"merchantId":"UATMERCHANT101","qrString":"upi://pay?pa=Q268568477@ybl&pn=UATMERCHANT101&am=1.00&mam=1.00&tr=Check72&tn=Payment%20for%20ORDER123&mc=5311&mode=04&purpose=00"}}
{"success":true,"code":"SUCCESS","message":"Your request has been successfully completed.","data":{"transactionId":"Check73","amount":100,"merchantId":"UATMERCHANT101","qrString":"upi://pay?pa=Q268568477@ybl&pn=UATMERCHANT101&am=1.00&mam=1.00&tr=Check73&tn=Payment%20for%20ORDER123&mc=5311&mode=04&purpose=00"}}
{"success":true,"code":"SUCCESS","message":"Your request has been successfully completed.","data":{"transactionId":"Check74","amount":100,"merchantId":"UATMERCHANT101","qrString":"upi://pay?pa=Q268568477@ybl&pn=UATMERCHANT101&am=1.00&mam=1.00&tr=Check74&tn=Payment%20for%20ORDER123&mc=5311&mode=04&purpose=00"}}
{"success":true,"code":"SUCCESS","message":"Your request has been successfully completed.","data":{"transactionId":"Check75","amount":100,"merchantId":"UATMERCHANT101","qrString":"upi://pay?pa=Q268568477@ybl&pn=UATMERCHANT101&am=1.00&mam=1.00&tr=Check75&tn=Payment%20for%20ORDER123&mc=5311&mode=04&purpose=00"}}
{"success":true,"code":"SUCCESS","message":"Your request has been successfully completed.","data":{"transactionId":"Check76","amount":100,"merchantId":"UATMERCHANT101","qrString":"upi://pay?pa=Q268568477@ybl&pn=UATMERCHANT101&am=1.00&mam=1.00&tr=Check76&tn=Payment%20for%20ORDER123&mc=5311&mode=04&purpose=00"}}
{"success":true,"code":"SUCCESS","message":"Your request has been successfully completed.","data":{"transactionId":"Check77","amount":100,"merchantId":"UATMERCHANT101","qrString":"upi://pay?pa=Q268568477@ybl&pn=UATMERCHANT101&am=1.00&mam=1.00&tr=Check77&tn=Payment%20for%20ORDER123&mc=5311&mode=04&purpose=00"}}
{"success":true,"code":"SUCCESS","message":"Your request has been successfully completed.","data":{"transactionId":"Check78","amount":100,"merchantId":"UATMERCHANT101","qrString":"upi://pay?pa=Q268568477@ybl&pn=UATMERCHANT101&am=1.00&mam=1.00&tr=Check78&tn=Payment%20for%20ORDER123&mc=5311&mode=04&purpose=00"}}
{"success":true,"code":"SUCCESS","message":"Your request has been successfully completed.","data":{"transactionId":"Check79","amount":100,"merchantId":"UATMERCHANT101","qrString":"upi://pay?pa=Q268568477@ybl&pn=UATMERCHANT101&am=1.00&mam=1.00&tr=Check79&tn=Payment%20for%20ORDER123&mc=5311&mode=04&purpose=00"}}
{"success":true,"code":"SUCCESS","message":"Your request has been successfully completed.","data":{"transactionId":"Check80","amount":100,"merchantId":"UATMERCHANT101","qrString":"upi://pay?pa=Q268568477@ybl&pn=UATMERCHANT101&am=1.00&mam=1.00&tr=Check80&tn=Payment%20for%20ORDER123&mc=5311&mode=04&purpose=00"}}
{"success":true,"code":"SUCCESS","message":"Your request has been successfully completed.","data":{"transactionId":"Check81","amount":100,"merchantId":"UATMERCHANT101","qrString":"upi://pay?pa=Q268568477@ybl&pn=UATMERCHANT101&am=1.00&mam=1.00&tr=Check81&tn=Payment%20for%20ORDER123&mc=5311&mode=04&purpose=00"}}
{"success":true,"code":"SUCCESS","message":"Your request has been successfully completed.","data":{"transactionId":"Check82","amount":100,"merchantId":"UATMERCHANT101","qrString":"upi://pay?pa=Q268568477@ybl&pn=UATMERCHANT101&am=1.00&mam=1.00&tr=Check82&tn=Payment%20for%20ORDER123&mc=5311&mode=04&purpose=00"}}
{"success":true,"code":"SUCCESS","message":"Your request has been successfully completed.","data":{"transactionId":"Check83","amount":100,"merchantId":"UATMERCHANT101","qrString":"upi://pay?pa=Q268568477@ybl&pn=UATMERCHANT101&am=1.00&mam=1.00&tr=Check83&tn=Payment%20for%20ORDER123&mc=5311&mode=04&purpose=00"}}
{"success":true,"code":"SUCCESS","message":"Your request has been successfully completed.","data":{"transactionId":"Check84","amount":100,"merchantId":"UATMERCHANT101","qrString":"upi://pay?pa=Q268568477@ybl&pn=UATMERCHANT101&am=1.00&mam=1.00&tr=Check84&tn=Payment%20for%20ORDER123&mc=5311&mode=04&purpose=00"}}
{"success":true,"code":"SUCCESS","message":"Your request has been successfully completed.","data":{"transactionId":"Check85","amount":100,"merchantId":"UATMERCHANT101","qrString":"upi://pay?pa=Q268568477@ybl&pn=UATMERCHANT101&am=1.00&mam=1.00&tr=Check85&tn=Payment%20for%20ORDER123&mc=5311&mode=04&purpose=00"}}
{"success":true,"code":"SUCCESS","message":"Your request has been successfully completed.","data":{"transactionId":"Check86","amount":100,"merchantId":"UATMERCHANT101","qrString":"upi://pay?pa=Q268568477@ybl&pn=UATMERCHANT101&am=1.00&mam=1.00&tr=Check86&tn=Payment%20for%20ORDER123&mc=5311&mode=04&purpose=00"}}
{"success":true,"code":"SUCCESS","message":"Your request has been successfully completed.","data":{"transactionId":"Check87","amount":100,"merchantId":"UATMERCHANT101","qrString":"upi://pay?pa=Q268568477@ybl&pn=UATMERCHANT101&am=1.00&mam=1.00&tr=Check87&tn=Payment%20for%20ORDER123&mc=5311&mode=04&purpose=00"}}
{"success":true,"code":"SUCCESS","message":"Your request has been successfully completed.","data":{"transactionId":"Check88","amount":100,"merchantId":"UATMERCHANT101","qrString":"upi://pay?pa=Q268568477@ybl&pn=UATMERCHANT101&am=1.00&mam=1.00&tr=Check88&tn=Payment%20for%20ORDER123&mc=5311&mode=04&purpose=00"}}
{"success":true,"code":"SUCCESS","message":"Your request has been successfully completed.","data":{"transactionId":"Check89","amount":100,"merchantId":"UATMERCHANT101","qrString":"upi://pay?pa=Q268568477@ybl&pn=UATMERCHANT101&am=1.00&mam=1.00&tr=Check89&tn=Payment%20for%20ORDER123&mc=5311&mode=04&purpose=00"}}
{"success":true,"code":"SUCCESS","message":"Your request has been successfully completed.","data":{"transactionId":"Check90","amount":100,"merchantId":"UATMERCHANT101","qrString":"upi://pay?pa=Q268568477@ybl&pn=UATMERCHANT101&am=1.00&mam=1.00&tr=Check90&tn=Payment%20for%20ORDER123&mc=5311&mode=04&purpose=00"}}
{"success":true,"code":"SUCCESS","message":"Your request has been successfully completed.","data":{"transactionId":"Check91","amount":100,"merchantId":"UATMERCHANT101","qrString":"upi://pay?pa=Q268568477@ybl&pn=UATMERCHANT101&am=1.00&mam=1.00&tr=Check91&tn=Payment%20for%20ORDER123&mc=5311&mode=04&purpose=00"}}
{"success":true,"code":"SUCCESS","message":"Your request has been successfully completed.","data":{"transactionId":"Check92","amount":100,"merchantId":"UATMERCHANT101","qrString":"upi://pay?pa=Q268568477@ybl&pn=UATMERCHANT101&am=1.00&mam=1.00&tr=Check92&tn=Payment%20for%20ORDER123&mc=5311&mode=04&purpose=00"}}
{"success":true,"code":"SUCCESS","message":"Your request has been successfully completed.","data":{"transactionId":"Check93","amount":100,"merchantId":"UATMERCHANT101","qrString":"upi://pay?pa=Q268568477@ybl&pn=UATMERCHANT101&am=1.00&mam=1.00&tr=Check93&tn=Payment%20for%20ORDER123&mc=5311&mode=04&purpose=00"}}
{"success":true,"code":"SUCCESS","message":"Your request has been successfully completed.","data":{"transactionId":"Check94","amount":100,"merchantId":"UATMERCHANT101","qrString":"upi://pay?pa=Q268568477@ybl&pn=UATMERCHANT101&am=1.00&mam=1.00&tr=Check94&tn=Payment%20for%20ORDER123&mc=5311&mode=04&purpose=00"}}
{"success":true,"code":"SUCCESS","message":"Your request has been successfully completed.","data":{"transactionId":"Check95","amount":100,"merchantId":"UATMERCHANT101","qrString":"upi://pay?pa=Q268568477@ybl&pn=UATMERCHANT101&am=1.00&mam=1.00&tr=Check95&tn=Payment%20for%20ORDER123&mc=5311&mode=04&purpose=00"}}
{"success":true,"code":"SUCCESS","message":"Your request has been successfully completed.","data":{"transactionId":"Check96","amount":100,"merchantId":"UATMERCHANT101","qrString":"upi://pay?pa=Q268568477@ybl&pn=UATMERCHANT101&am=1.00&mam=1.00&tr=Check96&tn=Payment%20for%20ORDER123&mc=5311&mode=04&purpose=00"}}
{"success":true,"code":"SUCCESS","message":"Your request has been successfully completed.","data":{"transactionId":"Check97","amount":100,"merchantId":"UATMERCHANT101","qrString":"upi://pay?pa=Q268568477@ybl&pn=UATMERCHANT101&am=1.00&mam=1.00&tr=Check97&tn=Payment%20for%20ORDER123&mc=5311&mode=04&purpose=00"}}
{"success":true,"code":"SUCCESS","message":"Your request has been successfully completed.","data":{"transactionId":"Check98","amount":100,"merchantId":"UATMERCHANT101","qrString":"upi://pay?pa=Q268568477@ybl&pn=UATMERCHANT101&am=1.00&mam=1.00&tr=Check98&tn=Payment%20for%20ORDER123&mc=5311&mode=04&purpose=00"}}
{"success":true,"code":"SUCCESS","message":"Your request has been successfully completed.","data":{"transactionId":"Check99","amount":100,"merchantId":"UATMERCHANT101","qrString":"upi://pay?pa=Q268568477@ybl&pn=UATMERCHANT101&am=1.00&mam=1.00&tr=Check99&tn=Payment%20for%20ORDER123&mc=5311&mode=04&purpose=00"}}
{"success":true,"code":"SUCCESS","message":"Your request has been successfully completed.","data":{"transactionId":"Check100","amount":100,"merchantId":"UATMERCHANT101","qrString":"upi://pay?pa=Q268568477@ybl&pn=UATMERCHANT101&am=1.00&mam=1.00&tr=Check100&tn=Payment%20for%20ORDER123&mc=5311&mode=04&purpose=00"}}
{"success":true,"code":"SUCCESS","message":"Your request has been successfully completed.","data":{"transactionId":"Check101","amount":100,"merchantId":"UATMERCHANT101","qrString":"upi://pay?pa=Q268568477@ybl&pn=UATMERCHANT101&am=1.00&mam=1.00&tr=Check101&tn=Payment%20for%20ORDER123&mc=5311&mode=04&purpose=00"}}
{"success":true,"code":"SUCCESS","message":"Your request has been successfully completed.","data":{"transactionId":"Check102","amount":100,"merchantId":"UATMERCHANT101","qrString":"upi://pay?pa=Q268568477@ybl&pn=UATMERCHANT101&am=1.00&mam=1.00&tr=Check102&tn=Payment%20for%20ORDER123&mc=5311&mode=04&purpose=00"}}
{"success":true,"code":"SUCCESS","message":"Your request has been successfully completed.","data":{"transactionId":"Check103","amount":100,"merchantId":"UATMERCHANT101","qrString":"upi://pay?pa=Q268568477@ybl&pn=UATMERCHANT101&am=1.00&mam=1.00&tr=Check103&tn=Payment%20for%20ORDER123&mc=5311&mode=04&purpose=00"}}
{"success":true,"code":"SUCCESS","message":"Your request has been successfully completed.","data":{"transactionId":"Check104","amount":100,"merchantId":"UATMERCHANT101","qrString":"upi://pay?pa=Q268568477@ybl&pn=UATMERCHANT101&am=1.00&mam=1.00&tr=Check104&tn=Payment%20for%20ORDER123&mc=5311&mode=04&purpose=00"}}
{"success":true,"code":"SUCCESS","message":"Your request has been successfully completed.","data":{"transactionId":"Check105","amount":100,"merchantId":"UATMERCHANT101","qrString":"upi://pay?pa=Q268568477@ybl&pn=UATMERCHANT101&am=1.00&mam=1.00&tr=Check105&tn=Payment%20for%20ORDER123&mc=5311&mode=04&purpose=00"}}
{"success":true,"code":"SUCCESS","message":"Your request has been successfully completed.","data":{"transactionId":"Check106","amount":100,"merchantId":"UATMERCHANT101","qrString":"upi://pay?pa=Q268568477@ybl&pn=UATMERCHANT101&am=1.00&mam=1.00&tr=Check106&tn=Payment%20for%20ORDER123&mc=5311&mode=04&purpose=00"}}
{"success":true,"code":"SUCCESS","message":"Your request has been successfully completed.","data":{"transactionId":"Check107","amount":100,"merchantId":"UATMERCHANT101","qrString":"upi://pay?pa=Q268568477@ybl&pn=UATMERCHANT101&am=1.00&mam=1.00&tr=Check107&tn=Payment%20for%20ORDER123&mc=5311&mode=04&purpose=00"}}
{"success":true,"code":"SUCCESS","message":"Your request has been successfully completed.","data":{"transactionId":"Check108","amount":100,"merchantId":"UATMERCHANT101","qrString":"upi://pay?pa=Q268568477@ybl&pn=UATMERCHANT101&am=1.00&mam=1.00&tr=Check108&tn=Payment%20for%20ORDER123&mc=5311&mode=04&purpose=00"}}
{"success":true,"code":"SUCCESS","message":"Your request has been successfully completed.","data":{"transactionId":"Check109","amount":100,"merchantId":"UATMERCHANT101","qrString":"upi://pay?pa=Q268568477@ybl&pn=UATMERCHANT101&am=1.00&mam=1.00&tr=Check109&tn=Payment%20for%20ORDER123&mc=5311&mode=04&purpose=00"}}
{"success":true,"code":"SUCCESS","message":"Your request has been successfully completed.","data":{"transactionId":"Check110","amount":100,"merchantId":"UATMERCHANT101","qrString":"upi://pay?pa=Q268568477@ybl&pn=UATMERCHANT101&am=1.00&mam=1.00&tr=Check110&tn=Payment%20for%20ORDER123&mc=5311&mode=04&purpose=00"}}
{"success":true,"code":"SUCCESS","message":"Your request has been successfully completed.","data":{"transactionId":"Check111","amount":100,"merchantId":"UATMERCHANT101","qrString":"upi://pay?pa=Q268568477@ybl&pn=UATMERCHANT101&am=1.00&mam=1.00&tr=Check111&tn=Payment%20for%20ORDER123&mc=5311&mode=04&purpose=00"}}
{"success":true,"code":"SUCCESS","message":"Your request has been successfully completed.","data":{"transactionId":"Check112","amount":100,"merchantId":"UATMERCHANT101","qrString":"upi://pay?pa=Q268568477@ybl&pn=UATMERCHANT101&am=1.00&mam=1.00&tr=Check112&tn=Payment%20for%20ORDER123&mc=5311&mode=04&purpose=00"}}
{"success":true,"code":"SUCCESS","message":"Your request has been successfully completed.","data":{"transactionId":"Check113","amount":100,"merchantId":"UATMERCHANT101","qrString":"upi://pay?pa=Q268568477@ybl&pn=UATMERCHANT101&am=1.00&mam=1.00&tr=Check113&tn=Payment%20for%20ORDER123&mc=5311&mode=04&purpose=00"}}
{"success":true,"code":"SUCCESS","message":"Your request has been successfully completed.","data":{"transactionId":"Check114","amount":100,"merchantId":"UATMERCHANT101","qrString":"upi://pay?pa=Q268568477@ybl&pn=UATMERCHANT101&am=1.00&mam=1.00&tr=Check114&tn=Payment%20for%20ORDER123&mc=5311&mode=04&purpose=00"}}
{"success":true,"code":"SUCCESS","message":"Your request has been successfully completed.","data":{"transactionId":"Check115","amount":100,"merchantId":"UATMERCHANT101","qrString":"upi://pay?pa=Q268568477@ybl&pn=UATMERCHANT101&am=1.00&mam=1.00&tr=Check115&tn=Payment%20for%20ORDER123&mc=5311&mode=04&purpose=00"}}
{"success":true,"code":"SUCCESS","message":"Your request has been successfully completed.","data":{"transactionId":"Check116","amount":100,"merchantId":"UATMERCHANT101","qrString":"upi://pay?pa=Q268568477@ybl&pn=UATMERCHANT101&am=1.00&mam=1.00&tr=Check116&tn=Payment%20for%20ORDER123&mc=5311&mode=04&purpose=00"}}
{"success":true,"code":"SUCCESS","message":"Your request has been successfully completed.","data":{"transactionId":"Check117","amount":100,"merchantId":"UATMERCHANT101","qrString":"upi://pay?pa=Q268568477@ybl&pn=UATMERCHANT101&am=1.00&mam=1.00&tr=Check117&tn=Payment%20for%20ORDER123&mc=5311&mode=04&purpose=00"}}
{"success":true,"code":"SUCCESS","message":"Your request has been successfully completed.","data":{"transactionId":"Check118","amount":100,"merchantId":"UATMERCHANT101","qrString":"upi://pay?pa=Q268568477@ybl&pn=UATMERCHANT101&am=1.00&mam=1.00&tr=Check118&tn=Payment%20for%20ORDER123&mc=5311&mode=04&purpose=00"}}
{"success":true,"code":"SUCCESS","message":"Your request has been successfully completed.","data":{"transactionId":"Check119","amount":100,"merchantId":"UATMERCHANT101","qrString":"upi://pay?pa=Q268568477@ybl&pn=UATMERCHANT101&am=1.00&mam=1.00&tr=Check119&tn=Payment%20for%20ORDER123&mc=5311&mode=04&purpose=00"}}
{"success":true,"code":"SUCCESS","message":"Your request has been successfully completed.","data":{"transactionId":"Check120","amount":100,"merchantId":"UATMERCHANT101","qrString":"upi://pay?pa=Q268568477@ybl&pn=UATMERCHANT101&am=1.00&mam=1.00&tr=Check120&tn=Payment%20for%20ORDER123&mc=5311&mode=04&purpose=00"}}
{"success":true,"code":"SUCCESS","message":"Your request has been successfully completed.","data":{"transactionId":"Check121","amount":100,"merchantId":"UATMERCHANT101","qrString":"upi://pay?pa=Q268568477@ybl&pn=UATMERCHANT101&am=1.00&mam=1.00&tr=Check121&tn=Payment%20for%20ORDER123&mc=5311&mode=04&purpose=00"}}
{"success":true,"code":"SUCCESS","message":"Your request has been successfully completed.","data":{"transactionId":"Check122","amount":100,"merchantId":"UATMERCHANT101","qrString":"upi://pay?pa=Q268568477@ybl&pn=UATMERCHANT101&am=1.00&mam=1.00&tr=Check122&tn=Payment%20for%20ORDER123&mc=5311&mode=04&purpose=00"}}
{"success":true,"code":"SUCCESS","message":"Your request has been successfully completed.","data":{"transactionId":"Check123","amount":100,"merchantId":"UATMERCHANT101","qrString":"upi://pay?pa=Q268568477@ybl&pn=UATMERCHANT101&am=1.00&mam=1.00&tr=Check123&tn=Payment%20for%20ORDER123&mc=5311&mode=04&purpose=00"}}
{"success":true,"code":"SUCCESS","message":"Your request has been successfully completed.","data":{"transactionId":"Check124","amount":100,"merchantId":"UATMERCHANT101","qrString":"upi://pay?pa=Q268568477@ybl&pn=UATMERCHANT101&am=1.00&mam=1.00&tr=Check124&tn=Payment%20for%20ORDER123&mc=5311&mode=04&purpose=00"}}
{"success":true,"code":"SUCCESS","message":"Your request has been successfully completed.","data":{"transactionId":"Check125","amount":100,"merchantId":"UATMERCHANT101","qrString":"upi://pay?pa=Q268568477@ybl&pn=UATMERCHANT101&am=1.00&mam=1.00&tr=Check125&tn=Payment%20for%20ORDER123&mc=5311&mode=04&purpose=00"}}
{"success":true,"code":"SUCCESS","message":"Your request has been successfully completed.","data":{"transactionId":"Check126","amount":100,"merchantId":"UATMERCHANT101","qrString":"upi://pay?pa=Q268568477@ybl&pn=UATMERCHANT101&am=1.00&mam=1.00&tr=Check126&tn=Payment%20for%20ORDER123&mc=5311&mode=04&purpose=00"}}
{"success":true,"code":"SUCCESS","message":"Your request has been successfully completed.","data":{"transactionId":"Check127","amount":100,"merchantId":"UATMERCHANT101","qrString":"upi://pay?pa=Q268568477@ybl&pn=UATMERCHANT101&am=1.00&mam=1.00&tr=Check127&tn=Payment%20for%20ORDER123&mc=5311&mode=04&purpose=00"}}
{"success":true,"code":"SUCCESS","message":"Your request has been successfully completed.","data":{"transactionId":"Check128","amount":100,"merchantId":"UATMERCHANT101","qrString":"upi://pay?pa=Q268568477@ybl&pn=UATMERCHANT101&am=1.00&mam=1.00&tr=Check128&tn=Payment%20for%20ORDER123&mc=5311&mode=04&purpose=00"}}
{"success":true,"code":"SUCCESS","message":"Your request has been successfully completed.","data":{"transactionId":"Check129","amount":100,"merchantId":"UATMERCHANT101","qrString":"upi://pay?pa=Q268568477@ybl&pn=UATMERCHANT101&am=1.00&mam=1.00&tr=Check129&tn=Payment%20for%20ORDER123&mc=5311&mode=04&purpose=00"}}
{"success":true,"code":"SUCCESS","message":"Your request has been successfully completed.","data":{"transactionId":"Check130","amount":100,"merchantId":"UATMERCHANT101","qrString":"upi://pay?pa=Q268568477@ybl&pn=UATMERCHANT101&am=1.00&mam=1.00&tr=Check130&tn=Payment%20for%20ORDER123&mc=5311&mode=04&purpose=00"}}
{"success":true,"code":"SUCCESS","message":"Your request has been successfully completed.","data":{"transactionId":"Check131","amount":100,"merchantId":"UATMERCHANT101","qrString":"upi://pay?pa=Q268568477@ybl&pn=UATMERCHANT101&am=1.00&mam=1.00&tr=Check131&tn=Payment%20for%20ORDER123&mc=5311&mode=04&purpose=00"}}
{"success":true,"code":"SUCCESS","message":"Your request has been successfully completed.","data":{"transactionId":"Check132","amount":100,"merchantId":"UATMERCHANT101","qrString":"upi://pay?pa=Q268568477@ybl&pn=UATMERCHANT101&am=1.00&mam=1.00&tr=Check132&tn=Payment%20for%20ORDER123&mc=5311&mode=04&purpose=00"}}
{"success":true,"code":"SUCCESS","message":"Your request has been successfully completed.","data":{"transactionId":"Check133","amount":100,"merchantId":"UATMERCHANT101","qrString":"upi://pay?pa=Q268568477@ybl&pn=UATMERCHANT101&am=1.00&mam=1.00&tr=Check133&tn=Payment%20for%20ORDER123&mc=5311&mode=04&purpose=00"}}
{"success":true,"code":"SUCCESS","message":"Your request has been successfully completed.","data":{"transactionId":"Check134","amount":100,"merchantId":"UATMERCHANT101","qrString":"upi://pay?pa=Q268568477@ybl&pn=UATMERCHANT101&am=1.00&mam=1.00&tr=Check134&tn=Payment%20for%20ORDER123&mc=5311&mode=04&purpose=00"}}
{"success":true,"code":"SUCCESS","message":"Your request has been successfully completed.","data":{"transactionId":"Check135","amount":100,"merchantId":"UATMERCHANT101","qrString":"upi://pay?pa=Q268568477@ybl&pn=UATMERCHANT101&am=1.00&mam=1.00&tr=Check135&tn=Payment%20for%20ORDER123&mc=5311&mode=04&purpose=00"}}
{"success":true,"code":"SUCCESS","message":"Your request has been successfully completed.","data":{"transactionId":"Check136","amount":100,"merchantId":"UATMERCHANT101","qrString":"upi://pay?pa=Q268568477@ybl&pn=UATMERCHANT101&am=1.00&mam=1.00&tr=Check136&tn=Payment%20for%20ORDER123&mc=5311&mode=04&purpose=00"}}
{"success":true,"code":"SUCCESS","message":"Your request has been successfully completed.","data":{"transactionId":"Check137","amount":100,"merchantId":"UATMERCHANT101","qrString":"upi://pay?pa=Q268568477@ybl&pn=UATMERCHANT101&am=1.00&mam=1.00&tr=Check137&tn=Payment%20for%20ORDER123&mc=5311&mode=04&purpose=00"}}
{"success":true,"code":"SUCCESS","message":"Your request has been successfully completed.","data":{"transactionId":"Check138","amount":100,"merchantId":"UATMERCHANT101","qrString":"upi://pay?pa=Q268568477@ybl&pn=UATMERCHANT101&am=1.00&mam=1.00&tr=Check138&tn=Payment%20for%20ORDER123&mc=5311&mode=04&purpose=00"}}
{"success":true,"code":"SUCCESS","message":"Your request has been successfully completed.","data":{"transactionId":"Check139","amount":100,"merchantId":"UATMERCHANT101","qrString":"upi://pay?pa=Q268568477@ybl&pn=UATMERCHANT101&am=1.00&mam=1.00&tr=Check139&tn=Payment%20for%20ORDER123&mc=5311&mode=04&purpose=00"}}
{"success":true,"code":"SUCCESS","message":"Your request has been successfully completed.","data":{"transactionId":"Check140","amount":100,"merchantId":"UATMERCHANT101","qrString":"upi://pay?pa=Q268568477@ybl&pn=UATMERCHANT101&am=1.00&mam=1.00&tr=Check140&tn=Payment%20for%20ORDER123&mc=5311&mode=04&purpose=00"}}
{"success":true,"code":"SUCCESS","message":"Your request has been successfully completed.","data":{"transactionId":"Check141","amount":100,"merchantId":"UATMERCHANT101","qrString":"upi://pay?pa=Q268568477@ybl&pn=UATMERCHANT101&am=1.00&mam=1.00&tr=Check141&tn=Payment%20for%20ORDER123&mc=5311&mode=04&purpose=00"}}
{"success":true,"code":"SUCCESS","message":"Your request has been successfully completed.","data":{"transactionId":"Check142","amount":100,"merchantId":"UATMERCHANT101","qrString":"upi://pay?pa=Q268568477@ybl&pn=UATMERCHANT101&am=1.00&mam=1.00&tr=Check142&tn=Payment%20for%20ORDER123&mc=5311&mode=04&purpose=00"}}
{"success":true,"code":"SUCCESS","message":"Your request has been successfully completed.","data":{"transactionId":"Check143","amount":100,"merchantId":"UATMERCHANT101","qrString":"upi://pay?pa=Q268568477@ybl&pn=UATMERCHANT101&am=1.00&mam=1.00&tr=Check143&tn=Payment%20for%20ORDER123&mc=5311&mode=04&purpose=00"}}
{"success":true,"code":"SUCCESS","message":"Your request has been successfully completed.","data":{"transactionId":"Check144","amount":100,"merchantId":"UATMERCHANT101","qrString":"upi://pay?pa=Q268568477@ybl&pn=UATMERCHANT101&am=1.00&mam=1.00&tr=Check144&tn=Payment%20for%20ORDER123&mc=5311&mode=04&purpose=00"}}
{"success":true,"code":"SUCCESS","message":"Your request has been successfully completed.","data":{"transactionId":"Check145","amount":100,"merchantId":"UATMERCHANT101","qrString":"upi://pay?pa=Q268568477@ybl&pn=UATMERCHANT101&am=1.00&mam=1.00&tr=Check145&tn=Payment%20for%20ORDER123&mc=5311&mode=04&purpose=00"}}
{"success":true,"code":"SUCCESS","message":"Your request has been successfully completed.","data":{"transactionId":"Check146","amount":100,"merchantId":"UATMERCHANT101","qrString":"upi://pay?pa=Q268568477@ybl&pn=UATMERCHANT101&am=1.00&mam=1.00&tr=Check146&tn=Payment%20for%20ORDER123&mc=5311&mode=04&purpose=00"}}
{"success":true,"code":"SUCCESS","message":"Your request has been successfully completed.","data":{"transactionId":"Check147","amount":100,"merchantId":"UATMERCHANT101","qrString":"upi://pay?pa=Q268568477@ybl&pn=UATMERCHANT101&am=1.00&mam=1.00&tr=Check147&tn=Payment%20for%20ORDER123&mc=5311&mode=04&purpose=00"}}
{"success":true,"code":"SUCCESS","message":"Your request has been successfully completed.","data":{"transactionId":"Check148","amount":100,"merchantId":"UATMERCHANT101","qrString":"upi://pay?pa=Q268568477@ybl&pn=UATMERCHANT101&am=1.00&mam=1.00&tr=Check148&tn=Payment%20for%20ORDER123&mc=5311&mode=04&purpose=00"}}
{"success":true,"code":"SUCCESS","message":"Your request has been successfully completed.","data":{"transactionId":"Check149","amount":100,"merchantId":"UATMERCHANT101","qrString":"upi://pay?pa=Q268568477@ybl&pn=UATMERCHANT101&am=1.00&mam=1.00&tr=Check149&tn=Payment%20for%20ORDER123&mc=5311&mode=04&purpose=00"}}
